"id","name","birthday","email"
11,"Frazer Erat","1957-09-01","ferata@networksolutions.com"
12,"Russell Mercey","1906-04-23","rmerceyb@loc.gov"
13,"Leroi Tracey","1903-05-14","ltraceyc@examiner.com"
14,"Nanice Evequot","1935-05-12","nevequotd@wiley.com"
15,"Papagena Noble","1951-08-19","pnoblee@typepad.com"
16,"Kata Rappa","1957-10-19","krappaf@stanford.edu"
17,"Courtney Ouver","1960-11-22","couverg@fema.gov"
18,"Duncan Hasel","1926-05-24","dhaselh@linkedin.com"
19,"Winslow de Bullion","1967-02-25","wdei@sciencedirect.com"
20,"Man Gilston","1902-02-15","mgilstonj@slideshare.net"
21,"Kevyn Haggis","1961-02-05","khaggisk@bing.com"
22,"Lawton Taggart","1931-12-04","ltaggartl@arizona.edu"
23,"Frederigo Mulchrone","1977-03-22","fmulchronem@google.nl"
24,"Jessica Brighty","1979-03-23","jbrightyn@ted.com"
25,"Marta Romanin","1957-12-06","mromanino@businessinsider.com"
26,"Garey Stollberger","1929-10-24","gstollbergerp@wordpress.org"
27,"Mikey O'Currine","2011-09-28","mocurrineq@e-recht24.de"
28,"Cordi Challens","1994-01-24","cchallensr@technorati.com"
29,"Nelie Lethby","1973-09-26","nlethbys@unesco.org"
30,"Art Kither","1932-03-18","akithert@gnu.org"
31,"Dosi Petracci","1945-07-08","dpetracciu@auda.org.au"
32,"Jeth Sakins","1948-02-03","jsakinsv@indiegogo.com"
33,"Suzette Jery","1928-12-25","sjeryw@icq.com"
34,"Logan Maier","2017-11-26","lmaierx@google.fr"
35,"Elga Ensor","1955-09-23","eensory@photobucket.com"
36,"Rosemaria Eskrigg","1912-09-06","reskriggz@apache.org"
37,"Suzann Highnam","1956-07-15","shighnam10@themeforest.net"
38,"Torrie Piniur","1921-03-18","tpiniur11@hhs.gov"
39,"Candie Glew","1950-11-25","cglew12@prlog.org"
40,"Fredric Guitte","2016-01-31","fguitte13@symantec.com"
41,"Sarina Nissle","1988-11-14","snissle14@addthis.com"
42,"Kiel Osgardby","1932-01-04","kosgardby15@nhs.uk"
43,"Cristi Bellas","1945-11-11","cbellas16@g.co"
44,"Elsey Hanbury","1952-12-04","ehanbury17@spiegel.de"
45,"Ammamaria Alvarado","1968-02-06","aalvarado18@jigsy.com"
46,"Bunny Henzley","1938-04-24","bhenzley19@yahoo.co.jp"
47,"Phylys Gibbins","1912-03-10","pgibbins1a@independent.co.uk"
48,"Marijn Tarpey","1919-09-28","mtarpey1b@cnet.com"
49,"Zorina Twidale","1991-03-18","ztwidale1c@independent.co.uk"
50,"Valerie Synke","1941-09-20","vsynke1d@deviantart.com"
1,"degisti1","1938-11-18","tharcus0@4shared.com"
2,"degisti1","1923-02-22","dlockhart1@cdbaby.com"
3,"degisti1","1945-05-21","rcapaldo2@noaa.gov"
4,"degisti1","2022-10-29","bo3@infoseek.co.jp"
5,"degisti1","1983-11-04","nmccormick4@blinklist.com"
